Source,Target,Relationship
SEN-001,EVT-1001,GENERATES
SEN-002,EVT-1002,GENERATES
SEN-003,EVT-1003,GENERATES
SEN-001,EVT-1004,GENERATES
SEN-002,EVT-1005,GENERATES
SEN-003,EVT-1006,GENERATES
SEN-001,EVT-1007,GENERATES
SEN-002,EVT-1008,GENERATES
SEN-003,EVT-1009,GENERATES
SEN-001,EVT-1010,GENERATES
SEN-002,EVT-1011,GENERATES
SEN-003,EVT-1012,GENERATES
SEN-001,EVT-1013,GENERATES
SEN-002,EVT-1014,GENERATES
SEN-003,EVT-1015,GENERATES
SEN-001,EVT-1016,GENERATES
SEN-002,EVT-1017,GENERATES
SEN-003,EVT-1018,GENERATES
SEN-001,EVT-1019,GENERATES
SEN-002,EVT-1020,GENERATES
SEN-003,EVT-1021,GENERATES
SEN-001,EVT-1022,GENERATES
SEN-002,EVT-1023,GENERATES
SEN-003,EVT-1024,GENERATES
SEN-001,EVT-1025,GENERATES
SEN-002,EVT-1026,GENERATES
SEN-003,EVT-1027,GENERATES
SEN-001,EVT-1028,GENERATES
SEN-002,EVT-1029,GENERATES
SEN-003,EVT-1030,GENERATES
SEN-001,EVT-1031,GENERATES
SEN-002,EVT-1032,GENERATES
SEN-003,EVT-1033,GENERATES
SEN-001,EVT-1034,GENERATES
SEN-002,EVT-1035,GENERATES
SEN-003,EVT-1036,GENERATES
SEN-001,EVT-1037,GENERATES
SEN-002,EVT-1038,GENERATES
SEN-003,EVT-1039,GENERATES
SEN-001,EVT-1040,GENERATES
SEN-002,EVT-1041,GENERATES
SEN-003,EVT-1042,GENERATES
SEN-001,EVT-1043,GENERATES
SEN-002,EVT-1044,GENERATES
SEN-003,EVT-1045,GENERATES
SEN-001,EVT-1046,GENERATES
SEN-002,EVT-1047,GENERATES
SEN-003,EVT-1048,GENERATES
SEN-001,EVT-1049,GENERATES
SEN-002,EVT-1050,GENERATES
SEN-003,EVT-1051,GENERATES
SEN-001,EVT-1052,GENERATES
SEN-002,EVT-1053,GENERATES
SEN-003,EVT-1054,GENERATES
SEN-001,EVT-1055,GENERATES
SEN-002,EVT-1056,GENERATES
SEN-003,EVT-1057,GENERATES
SEN-001,EVT-1058,GENERATES
SEN-002,EVT-1059,GENERATES
SEN-003,EVT-1060,GENERATES
SEN-001,EVT-1061,GENERATES
SEN-002,EVT-1062,GENERATES
SEN-003,EVT-1063,GENERATES
SEN-001,EVT-1064,GENERATES
SEN-002,EVT-1065,GENERATES
SEN-003,EVT-1066,GENERATES
SEN-001,EVT-1067,GENERATES
SEN-002,EVT-1068,GENERATES
SEN-003,EVT-1069,GENERATES
SEN-001,EVT-1070,GENERATES
SEN-002,EVT-1071,GENERATES
SEN-003,EVT-1072,GENERATES
SEN-001,EVT-1073,GENERATES
SEN-002,EVT-1074,GENERATES
SEN-003,EVT-1075,GENERATES
SEN-001,EVT-1076,GENERATES
SEN-002,EVT-1077,GENERATES
SEN-003,EVT-1078,GENERATES
SEN-001,EVT-1079,GENERATES
SEN-002,EVT-1080,GENERATES
SEN-003,EVT-1081,GENERATES
SEN-001,EVT-1082,GENERATES
SEN-002,EVT-1083,GENERATES
SEN-003,EVT-1084,GENERATES
SEN-001,EVT-1085,GENERATES
SEN-002,EVT-1086,GENERATES
SEN-003,EVT-1087,GENERATES
SEN-001,EVT-1088,GENERATES
SEN-002,EVT-1089,GENERATES
SEN-003,EVT-1090,GENERATES
SEN-001,EVT-1091,GENERATES
SEN-002,EVT-1092,GENERATES
SEN-003,EVT-1093,GENERATES
SEN-001,EVT-1094,GENERATES
SEN-002,EVT-1095,GENERATES
SEN-003,EVT-1096,GENERATES
SEN-001,EVT-1097,GENERATES
SEN-002,EVT-1098,GENERATES
SEN-003,EVT-1099,GENERATES
SEN-001,EVT-1100,GENERATES
SEN-002,EVT-1101,GENERATES
SEN-003,EVT-1102,GENERATES
SEN-001,EVT-1103,GENERATES
SEN-002,EVT-1104,GENERATES
SEN-003,EVT-1105,GENERATES
SEN-001,EVT-1106,GENERATES
SEN-002,EVT-1107,GENERATES
SEN-003,EVT-1108,GENERATES
SEN-001,EVT-1109,GENERATES
SEN-002,EVT-1110,GENERATES
SEN-003,EVT-1111,GENERATES
SEN-001,EVT-1112,GENERATES
SEN-002,EVT-1113,GENERATES
SEN-003,EVT-1114,GENERATES
SEN-001,EVT-1115,GENERATES
SEN-002,EVT-1116,GENERATES
SEN-003,EVT-1117,GENERATES
SEN-001,EVT-1118,GENERATES
SEN-002,EVT-1119,GENERATES
SEN-003,EVT-1120,GENERATES
SEN-001,EVT-1121,GENERATES
SEN-002,EVT-1122,GENERATES
SEN-003,EVT-1123,GENERATES
SEN-001,EVT-1124,GENERATES
SEN-002,EVT-1125,GENERATES
SEN-003,EVT-1126,GENERATES
SEN-001,EVT-1127,GENERATES
SEN-002,EVT-1128,GENERATES
SEN-003,EVT-1129,GENERATES
SEN-001,EVT-1130,GENERATES
SEN-002,EVT-1131,GENERATES
SEN-003,EVT-1132,GENERATES
SEN-001,EVT-1133,GENERATES
SEN-002,EVT-1134,GENERATES
SEN-003,EVT-1135,GENERATES
SEN-001,EVT-1136,GENERATES
SEN-002,EVT-1137,GENERATES
SEN-003,EVT-1138,GENERATES
SEN-001,EVT-1139,GENERATES
SEN-002,EVT-1140,GENERATES
SEN-003,EVT-1141,GENERATES
SEN-001,EVT-1142,GENERATES
SEN-002,EVT-1143,GENERATES
SEN-003,EVT-1144,GENERATES
SEN-001,EVT-1145,GENERATES
SEN-002,EVT-1146,GENERATES
SEN-003,EVT-1147,GENERATES
SEN-001,EVT-1148,GENERATES
SEN-002,EVT-1149,GENERATES
SEN-003,EVT-1150,GENERATES
SEN-001,EVT-1151,GENERATES
SEN-002,EVT-1152,GENERATES
SEN-003,EVT-1153,GENERATES
SEN-001,EVT-1154,GENERATES
SEN-002,EVT-1155,GENERATES
SEN-003,EVT-1156,GENERATES
SEN-001,EVT-1157,GENERATES
SEN-002,EVT-1158,GENERATES
SEN-003,EVT-1159,GENERATES
SEN-001,EVT-1160,GENERATES
SEN-002,EVT-1161,GENERATES
SEN-003,EVT-1162,GENERATES
SEN-001,EVT-1163,GENERATES
SEN-002,EVT-1164,GENERATES
SEN-003,EVT-1165,GENERATES
SEN-001,EVT-1166,GENERATES
SEN-002,EVT-1167,GENERATES
SEN-003,EVT-1168,GENERATES
SEN-001,EVT-1169,GENERATES
SEN-002,EVT-1170,GENERATES
SEN-003,EVT-1171,GENERATES
SEN-001,EVT-1172,GENERATES
SEN-002,EVT-1173,GENERATES
SEN-003,EVT-1174,GENERATES
SEN-001,EVT-1175,GENERATES
SEN-002,EVT-1176,GENERATES
SEN-003,EVT-1177,GENERATES
SEN-001,EVT-1178,GENERATES
SEN-002,EVT-1179,GENERATES
SEN-003,EVT-1180,GENERATES
SEN-001,EVT-1181,GENERATES
SEN-002,EVT-1182,GENERATES
SEN-003,EVT-1183,GENERATES
SEN-001,EVT-1184,GENERATES
SEN-002,EVT-1185,GENERATES
SEN-003,EVT-1186,GENERATES
SEN-001,EVT-1187,GENERATES
SEN-002,EVT-1188,GENERATES
SEN-003,EVT-1189,GENERATES
SEN-001,EVT-1190,GENERATES
SEN-002,EVT-1191,GENERATES
SEN-003,EVT-1192,GENERATES
SEN-001,EVT-1193,GENERATES
SEN-002,EVT-1194,GENERATES
SEN-003,EVT-1195,GENERATES
SEN-001,EVT-1196,GENERATES
SEN-002,EVT-1197,GENERATES
SEN-003,EVT-1198,GENERATES
SEN-001,EVT-1199,GENERATES
SEN-002,EVT-1200,GENERATES
SEN-003,EVT-1201,GENERATES
SEN-001,EVT-1202,GENERATES
SEN-002,EVT-1203,GENERATES
SEN-003,EVT-1204,GENERATES
SEN-001,EVT-1205,GENERATES
SEN-002,EVT-1206,GENERATES
SEN-003,EVT-1207,GENERATES
SEN-001,EVT-1208,GENERATES
SEN-002,EVT-1209,GENERATES
SEN-003,EVT-1210,GENERATES
SEN-001,EVT-1211,GENERATES
SEN-002,EVT-1212,GENERATES
SEN-003,EVT-1213,GENERATES
SEN-001,EVT-1214,GENERATES
SEN-002,EVT-1215,GENERATES
SEN-003,EVT-1216,GENERATES
SEN-001,EVT-1217,GENERATES
SEN-002,EVT-1218,GENERATES
SEN-003,EVT-1219,GENERATES
SEN-001,EVT-1220,GENERATES
SEN-002,EVT-1221,GENERATES
SEN-003,EVT-1222,GENERATES
SEN-001,EVT-1223,GENERATES
SEN-002,EVT-1224,GENERATES
SEN-003,EVT-1225,GENERATES
SEN-001,EVT-1226,GENERATES
SEN-002,EVT-1227,GENERATES
SEN-003,EVT-1228,GENERATES
SEN-001,EVT-1229,GENERATES
SEN-002,EVT-1230,GENERATES
SEN-003,EVT-1231,GENERATES
SEN-001,EVT-1232,GENERATES
SEN-002,EVT-1233,GENERATES
SEN-003,EVT-1234,GENERATES
SEN-001,EVT-1235,GENERATES
SEN-002,EVT-1236,GENERATES
SEN-003,EVT-1237,GENERATES
SEN-001,EVT-1238,GENERATES
SEN-002,EVT-1239,GENERATES
SEN-003,EVT-1240,GENERATES
SEN-001,EVT-1241,GENERATES
SEN-002,EVT-1242,GENERATES
SEN-003,EVT-1243,GENERATES
SEN-001,EVT-1244,GENERATES
SEN-002,EVT-1245,GENERATES
SEN-003,EVT-1246,GENERATES
SEN-001,EVT-1247,GENERATES
SEN-002,EVT-1248,GENERATES
SEN-003,EVT-1249,GENERATES
SEN-001,EVT-1250,GENERATES
SEN-002,EVT-1251,GENERATES
SEN-003,EVT-1252,GENERATES
SEN-001,EVT-1253,GENERATES
SEN-002,EVT-1254,GENERATES
SEN-003,EVT-1255,GENERATES
SEN-001,EVT-1256,GENERATES
SEN-002,EVT-1257,GENERATES
SEN-003,EVT-1258,GENERATES
SEN-001,EVT-1259,GENERATES
SEN-002,EVT-1260,GENERATES
SEN-003,EVT-1261,GENERATES
SEN-001,EVT-1262,GENERATES
SEN-002,EVT-1263,GENERATES
SEN-003,EVT-1264,GENERATES
SEN-001,EVT-1265,GENERATES
SEN-002,EVT-1266,GENERATES
SEN-003,EVT-1267,GENERATES
SEN-001,EVT-1268,GENERATES
SEN-002,EVT-1269,GENERATES
SEN-003,EVT-1270,GENERATES
SEN-001,EVT-1271,GENERATES
SEN-002,EVT-1272,GENERATES
SEN-003,EVT-1273,GENERATES
SEN-001,EVT-1274,GENERATES
SEN-002,EVT-1275,GENERATES
SEN-003,EVT-1276,GENERATES
SEN-001,EVT-1277,GENERATES
SEN-002,EVT-1278,GENERATES
SEN-003,EVT-1279,GENERATES
SEN-001,EVT-1280,GENERATES
SEN-002,EVT-1281,GENERATES
SEN-003,EVT-1282,GENERATES
SEN-001,EVT-1283,GENERATES
SEN-002,EVT-1284,GENERATES
SEN-003,EVT-1285,GENERATES
SEN-001,EVT-1286,GENERATES
SEN-002,EVT-1287,GENERATES
SEN-003,EVT-1288,GENERATES
SEN-001,EVT-1289,GENERATES
SEN-002,EVT-1290,GENERATES
SEN-003,EVT-1291,GENERATES
SEN-001,EVT-1292,GENERATES
SEN-002,EVT-1293,GENERATES
SEN-003,EVT-1294,GENERATES
SEN-001,EVT-1295,GENERATES
SEN-002,EVT-1296,GENERATES
SEN-003,EVT-1297,GENERATES
SEN-001,EVT-1298,GENERATES
SEN-002,EVT-1299,GENERATES
SEN-003,EVT-1300,GENERATES
